[{"name":"Assassin's Creed Valhalla","cover":"//images.igdb.com/igdb/image/upload/t_1080p/co2ed3.jpg","igdbId":133004,"exe":["ACValhalla.exe","ACValhalla_Plus.exe"]},{"name":"Assassin's Creed: Odyssey","cover":"//images.igdb.com/igdb/image/upload/t_1080p/co2nul.jpg","igdbId":103054,"exe":["ACOdyssey.exe"]},{"name":"Assassin's Creed","cover":"//images.igdb.com/igdb/image/upload/t_1080p/co2gjx.jpg","igdbId":1970,"exe":["AssassinsCreed_Dx9.exe","AssassinsCreed_Dx10.exe","AssassinsCreed_Game.exe"]},{"name":"Starlink - Battle for Atlas","cover":"//images.igdb.com/igdb/image/upload/t_1080p/co2mn4.jpg","igdbId":37066,"exe":["Starlink.exe","Starlink_Plus.exe"]},{"name":"Space Engineers","cover":"//images.igdb.com/igdb/image/upload/t_1080p/co1n1d.jpg","igdbId":3239,"exe":["SpaceEngineers.exe"]},{"name":"Destiny 2","cover":"//images.igdb.com/igdb/image/upload/t_1080p/co1n6x.jpg","igdbId":25657,"exe":["destiny2.exe"]},{"name":"Titanfall 2","cover":"//images.igdb.com/igdb/image/upload/t_1080p/fhbeilnghyhhmjqhinqa.jpg","igdbId":17447,"exe":["Titanfall2.exe"]},{"name":"Borderlands 2","cover":"//images.igdb.com/igdb/image/upload/t_1080p/co20tn.jpg","igdbId":1011,"exe":["Borderlands2.exe"]},{"name":"RAGE 2","cover":"//images.igdb.com/igdb/image/upload/t_1080p/co1rbm.jpg","igdbId":101211,"exe":["RAGE2.exe"]},{"name":"Anthem","cover":"//images.igdb.com/igdb/image/upload/t_1080p/co2n94.jpg","igdbId":36950,"exe":["Anthem.exe"]},{"name":"STAR WARS Battlefront II","cover":"//images.igdb.com/igdb/image/upload/t_1080p/co20uw.jpg","igdbId":26401,"exe":["starwarsbattlefrontii.exe"]},{"name":"Tom Clancy's The Division","cover":"//images.igdb.com/igdb/image/upload/t_1080p/co1yvf.jpg","igdbId":2114,"exe":["TheDivision.exe"]},{"name":"Rocket League","cover":"//images.igdb.com/igdb/image/upload/t_1080p/co2hnd.jpg","igdbId":11198,"exe":["RocketLeague.exe"]},{"name":"Planet Coaster","cover":"//images.igdb.com/igdb/image/upload/t_1080p/rdk5xgeyvh9foupt0vu3.jpg","igdbId":18829,"exe":["PlanetCoaster.exe"]},{"name":"The Witcher 3: Wild Hunt","cover":"//images.igdb.com/igdb/image/upload/t_1080p/co1wyy.jpg","igdbId":1942,"exe":["witcher3.exe"]},{"name":"Assassin's Creed Chronicles China","cover":"//images.igdb.com/igdb/image/upload/t_1080p/co1qy6.jpg","igdbId":8223,"exe":["ACCGame-Win32-Shipping.exe"]},{"name":"Watch_Dogs 2","cover":"//images.igdb.com/igdb/image/upload/t_1080p/co2p3j.jpg","igdbId":19441,"exe":["WatchDogs2.exe"]},{"name":"Jurassic World Evolution","cover":"//images.igdb.com/igdb/image/upload/t_1080p/co1uzy.jpg","igdbId":54996,"exe":["JWE.exe"]},{"name":"Child of Light","cover":"//images.igdb.com/igdb/image/upload/t_1080p/co21q2.jpg","igdbId":4756,"exe":["ChildofLight.exe"]},{"name":"Assassin's Creed: Origins","cover":"//images.igdb.com/igdb/image/upload/t_1080p/co1rbe.jpg","igdbId":28540,"exe":["ACOrigins.exe"]},{"name":"Assassin's Creed: Unity","cover":"//images.igdb.com/igdb/image/upload/t_1080p/co1xiq.jpg","igdbId":5606,"exe":["ACU.exe"]},{"name":"Cyberpunk 2077","cover":"//images.igdb.com/igdb/image/upload/t_1080p/co2mjs.jpg","igdbId":1877,"exe":["Cyberpunk2077.exe"]},{"name":"Horizon Zero Dawn","cover":"//images.igdb.com/igdb/image/upload/t_1080p/co1izx.jpg","igdbId":11156,"exe":["HorizonZeroDawn.exe"]},{"name":"Immortals Fenyx Rising","cover":"//images.igdb.com/igdb/image/upload/t_1080p/co2g0b.jpg","igdbId":119357,"exe":["ImmortalsFenyxRising.exe"]},{"name":"The Crew 2","cover":"//images.igdb.com/igdb/image/upload/t_1080p/co27an.jpg","igdbId":28856,"exe":["TheCrew2.exe"]},{"name":"VALORANT","cover":"//images.igdb.com/igdb/image/upload/t_1080p/co2mvt.jpg","igdbId":126459,"exe":["VALORANT.exe"]},{"name":"Surviving Mars","cover":"//images.igdb.com/igdb/image/upload/t_1080p/co1kvs.jpg","igdbId":28574,"exe":["MarsEpic.exe"]},{"name":"Fortnite","cover":"//images.igdb.com/igdb/image/upload/t_1080p/co2ekt.jpg","igdbId":1905,"exe":["FortniteLauncher.exe"]},{"name":"Sid Meier's Civilization V","cover":"//images.igdb.com/igdb/image/upload/t_1080p/co20up.jpg","igdbId":866,"exe":["Launcher.exe"]},{"name":"Sid Meier's Civilization VI","cover":"//images.igdb.com/igdb/image/upload/t_1080p/co28j8.jpg","igdbId":19130,"exe":["LaunchPad.exe"]},{"name":"Grand Theft Auto V","cover":"//images.igdb.com/igdb/image/upload/t_1080p/co2lbd.jpg","igdbId":1020,"exe":["PlayGTAV.exe"]},{"name":"Tom Clancy's Ghost Recon: Wildlands","cover":"//images.igdb.com/igdb/image/upload/t_1080p/co1ku7.jpg","igdbId":11171,"exe":["stp-grw.exe"]}]